"keyword","extId","name","logoUrl","available","quantityAvailable","rating","ratingCount","cashback","savings","soldLastDay"
"1-800flowers-com","b892e1aa-0803-4f5d-a268-1cf4c9b371b2","1-800Flowers.com","https://raise-content.s3.amazonaws.com/MP-OPs/1800+Flowers/1800Flowers-Logo.png",true,256,"3.7",204,"15.00","15.00",1
"abercrombie-fitch","a7e294e7-7d35-472e-bb88-6a65040123c7","Abercrombie & Fitch","https://raise-content.s3.amazonaws.com/MP-OPs/Abercrombie+%26+Fitch/AbercrombieFitch-Logo.png",true,72,"4.3",212,"4.00","8.20",1
"adidas","8e767f4c-d63a-489a-beab-e98ff0486d43","adidas","https://raise-content.s3.amazonaws.com/MP-OPs/adidas/adidas-Logo.png",true,1219,"4.8",119,"10.00","9.00",57
"advance-auto-parts","f1913619-a240-4325-87f9-655e30591eb5","Advance Auto Parts","https://raise-content.s3.amazonaws.com/MP-OPs/AdvanceAuto/AdvanceAuto-Logo.png",true,3,"3.0",302,"3.00","5.00",0
"aeropostale","bf390e02-d728-406a-b6c8-ea10d1f7dce3","Aeropostale","https://raise-content.s3.amazonaws.com/MP-OPs/00_Raise/Aeropostale/RAISE_Aeropostale-Logo.png",true,614,"3.8",232,"8.00","14.48",20
"airbnb","e47cae42-712e-4297-962c-386f04035432","Airbnb","https://raise-content.s3.amazonaws.com/MP-OPs/Airbnb/Airbnb-Logo.png",true,1703,"3.4",318,"3.00","2.76",97
"aldi","6bd68712-b5d2-41e8-8a6e-e1d00a7cc5af","Aldi","https://s3.amazonaws.com/raise-content/ibi/ALDI-Logo.png",false,0,"3.1",340,"0.00","0.00",0
"amazon-com","9c385aa8-8759-41ca-a366-44064a36179e","Amazon.com","https://raise-content.s3.amazonaws.com/MP-OPs/Amazon/Amazon-Logo.png",true,385,"3.9",2779,"0.00","0.16",68
"amc-theatres","9ee13ffa-0cda-44ac-b800-d3efb30e9149","AMC Theatres","https://raise-content.s3.amazonaws.com/MP-OPs/00_Raise/AMC/RAISE_AMC-Logo.png",true,1060,"3.9",923,"6.00","8.07",23
"amc-theatres-in-theatre-only","9ee13ffa-0cda-44ac-b800-d3efb30e9149","AMC Theatres (In Theatre Only)","https://raise-content.s3.amazonaws.com/MP-OPs/00_Raise/AMC/RAISE_AMC-Logo.png",false,0,"3.6",302,"0.00","0.00",0
"american-airlines","45163f7d-6839-4d24-82f8-371b9664f0cc","American Airlines","https://raise-content.s3.amazonaws.com/MP-OPs/American+Airlines/AmericanAirlines-Logo.png",false,0,"3.2",493,"0.00","0.00",0
"american-eagle","1915a65d-c0ef-467e-b269-f546384e2d52","American Eagle®","https://raise-content.s3.amazonaws.com/MP-OPs/aeo_icon1.png",true,88,"3.9",637,"5.00","18.00",3
"american-girl","881a282f-3e47-47cd-85e8-f79176dfdd68","American Girl","https://s3.amazonaws.com/raise-content/ibi/AmericanGirl-Logo.png",false,0,"3.1",144,"0.00","0.00",0
"ann-taylor","8af46070-3050-4b15-a3d2-0549aa55a09e","Ann Taylor","https://raise-content.s3.amazonaws.com/MP-OPs/00_Raise/Ann+Taylor/RAISE_AnnTaylor-Logo.png",true,5,"3.5",114,"7.00","0.00",0
"ann-taylor-in-store-only","8af46070-3050-4b15-a3d2-0549aa55a09e","Ann Taylor (In Store Only)","https://raise-content.s3.amazonaws.com/MP-OPs/00_Raise/Ann+Taylor/RAISE_AnnTaylor-Logo.png",true,0,"3.0",493,"0.00","0.00",0
"anthropologie","6072ab0e-0847-490b-8948-40c4243c9a87","Anthropologie","https://s3.amazonaws.com/raise-content/ibi/Anthropologie-Logo.png",false,0,"3.0",1311,"0.00","0.00",0
"apple-gift-card","ddb2d24d-f375-4d3c-bed7-f687c72f1df7","Apple Gift Card","https://raise-content.s3.amazonaws.com/MP-OPs/Apple+Gift+Card/Apple-Logo.png",true,668,"3.8",872,"0.00","0.57",36
"applebee-s","749fffca-31ce-4716-9888-cdbc527d990c","Applebee's®","https://raise-content.s3.amazonaws.com/MP-OPs/Applebee's/Applebees-Logo.png",true,1611,"3.4",876,"6.00","11.16",27
"autozone-in-store-only","58a87d7f-2c00-4bc3-b30e-efe3735d7dc2","AutoZone (In Store Only)","https://raise-content.s3.amazonaws.com/MP-OPs/AutoZone/AutoZone-Logo.png",false,0,"3.3",478,"0.00","0.00",0
"avenue","2fdea8f1-dbeb-4dd9-b0cb-1ed7a264cbc9","Avenue","https://s3.amazonaws.com/raise-content/ibi/Avenue-logo.png",false,0,"3.1",117,"0.00","0.00",0
"babies-r-us","d0f0f67a-995c-4baa-be71-f656d664b67c","Babies""R""Us","https://s3.amazonaws.com/raise-content/ibi/BabiesRUs-logo.png",false,0,"3.1",203,"0.00","0.00",0
"banana-republic","7dfa8670-c187-417f-b9b5-5474f50cacee","Banana Republic","https://raise-content.s3.amazonaws.com/MP-OPs/Banana+Republic/BananaRepublic-Logo.png",true,639,"3.3",797,"7.00","17.60",12
"barnes-noble","611d2e38-f40e-406b-a43f-dfedcd949acd","Barnes & Noble","https://raise-content.s3.amazonaws.com/MP-OPs/BarnesNoble-Logo.png",true,318,"3.8",491,"4.00","7.20",19
"baskin-robbins","b1a9a473-7ec9-4e45-9b34-2ba56c54f4e6","Baskin Robbins","https://s3.amazonaws.com/raise-content/ibi/BaskinRobbins-Logo.png",true,7,"3.1",117,"1.00","0.76",4
"bass-pro-shops","b394a095-e4c1-43ed-a2a6-b96e2e0db4f9","Bass Pro Shops®","https://raise-content.s3.amazonaws.com/MP-OPs/00_Raise/Bass+Pro+Shops/RAISE_BassProShops-Logo.png",true,217,"3.6",529,"7.00","7.06",13
"bath-body-works","e901d27a-9003-44f4-93cf-2998f291c286","Bath & Body Works","https://raise-content.s3.amazonaws.com/MP-OPs/Bath%26BodyWorks-Logo.png",true,3072,"3.8",568,"5.00","7.64",68
"bealls-florida-in-store-only","bdfec307-b2e3-4988-a264-54f22c1085a1","Bealls Florida (In Store Only)","https://s3.amazonaws.com/raise-content/ibi/BeallsFlorida-Logo.png",false,0,"3.3",196,"0.00","0.00",0
"bebe","c2785fd3-1480-4ede-8e2e-248e93ce0321","Bebe","https://s3.amazonaws.com/raise-content/ibi/Bebe-Logo.png",false,0,"3.2",110,"0.00","0.00",0
"bed-bath-beyond","a1c5cbbf-492b-4282-a985-11656a40a9fb","Bed Bath & Beyond","https://raise-content.s3.amazonaws.com/MP-OPs/BedBath%26Beyond-Logo.png",true,4963,"3.4",537,"2.97","10.00",149
"bed-bath-beyond-in-store-only","a1c5cbbf-492b-4282-a985-11656a40a9fb","Bed Bath & Beyond (In Store Only)","https://raise-content.s3.amazonaws.com/MP-OPs/BedBath%26Beyond-Logo.png",false,0,"2.9",794,"0.00","0.00",0
"bed-bath-beyond-online-only","a1c5cbbf-492b-4282-a985-11656a40a9fb","Bed Bath & Beyond (Online Only)","https://raise-content.s3.amazonaws.com/MP-OPs/BedBath%26Beyond-Logo.png",true,2,"3.0",264,"0.00","6.00",2
"belk","7d3dc2f3-5c57-4a13-8934-f587cb1f5b90","Belk","https://raise-content.s3.amazonaws.com/MP-OPs/00_Raise/Belk/RAISE_Belk-Logo.png",true,316,"3.9",257,"6.95","4.84",19
"best-buy","50f0f51f-c526-4c8e-bcbc-a258537e02a7","Best Buy®","https://raise-content.s3.amazonaws.com/MP-OPs/Best+Buy/BestBuy-Logo.png",true,2576,"3.7",1549,"0.00","4.00",167
"big-lots","82d61ca5-1f2a-4f3f-9301-0cfcd9533983","Big Lots","https://raise-content.s3.amazonaws.com/MP-OPs/Big+Lots/BigLots-Logo.png",true,121,"3.8",134,"3.00","8.50",3
"bj-s-wholesale-club","81f8bf5e-960b-4fb8-b634-8da41e380f78","BJ's Wholesale Club","https://s3.amazonaws.com/assets.coupontrade.com/pay/static/media/brandPlaceholder.png",false,0,"2.7",228,"0.00","0.00",0
"blair","21d626f9-50e1-40fa-bbd0-09b9807b6a5c","Blair","https://s3.amazonaws.com/raise-content/ibi/Blair-Logo.png",false,0,"4.8",180,"0.00","0.00",0
"blick","15f0e381-ad21-4292-8b81-5ffb6b90b3cf","Blick","https://s3.amazonaws.com/raise-content/ibi/Blick-Logo.png",false,0,"3.0",127,"0.00","0.00",0
"bliss","2075a4d1-6459-44d1-acc7-ed486593032d","Bliss","https://s3.amazonaws.com/assets.coupontrade.com/pay/static/media/brandPlaceholder.png",true,19,"3.3",197,"0.00","29.00",0
"bloomingdale-s","d852f2c0-2e5c-41c3-a0d7-93aad88c662e","Bloomingdale's","https://raise-content.s3.amazonaws.com/MP-OPs/Bloomingdales/Bloomingdales-Logo.png",true,51,"3.6",1158,"0.00","4.76",2
"bob-evans-restaurants","89ea2b12-6c59-4c1d-8e06-060aa08c4ea6","Bob Evans Restaurants®","https://raise-content.s3.amazonaws.com/MP-OPs/Bob+Evans/BobEvans-Logo.png",true,67,"3.5",103,"9.00","5.08",2
"bob-s-stores","626ce772-c69c-4a63-9974-bf2069061e11","Bob's Stores","https://s3.amazonaws.com/raise-content/ibi/BobsStores-Logo.png",false,0,"3.1",112,"0.00","0.00",0
"bonefish-grill-physical","6d8b5cd4-8b92-4372-97f8-2515c23b97f2","Bonefish Grill (Physical)","https://raise-content.s3.amazonaws.com/MP-OPs/BonefishGrill-Logo.png",true,0,"4.0",104,"0.00","2.15",0
"boscov-s","28e74227-fb45-4f5d-bd99-a04758828f97","Boscov's","https://raise-content.s3.amazonaws.com/MP-OPs/Boscovs/Boscovs-Logo.png",true,656,"3.2",113,"2.00","12.06",2
"boston-market","e0caf714-cb57-44b8-a86b-6dae67ac07f0","Boston Market","https://raise-content.s3.amazonaws.com/MP-OPs/Boston+Market/BostonMarket-Logo.png",true,1618,"3.7",250,"5.00","23.36",7
"bp-gas","3557ef0e-3cdd-4d78-8b29-1cf39f4cc8a0","BP Gas","https://s3.amazonaws.com/raise-content/ibi/BPGas-Logo.png",false,0,"3.6",189,"0.00","0.00",0
"brooks-brothers","6122540e-70d1-4971-9314-520cbb8e898f","Brooks Brothers","https://s3.amazonaws.com/raise-content/ibi/BrooksBrothers-Logo.png",true,20,"3.1",475,"0.00","1.96",0
"brookstone","62844fe1-f105-456b-93f0-f7226b700227","Brookstone","https://s3.amazonaws.com/raise-content/ibi/Brookstone-Logo.png",false,0,"4.2",429,"0.00","0.00",0
"buca-di-beppo","c6e4cf86-6e1c-44a9-a167-b1afb769b53d","Buca di Beppo","https://s3.amazonaws.com/raise-content/ibi/BucadiBeppo-Logo.png",true,656,"4.0",343,"10.00","20.32",4
"buckhead-life-restaurant-group","f4972e45-48c8-4977-b03e-dd2932940945","Buckhead Life Restaurant Group","https://s3.amazonaws.com/raise-content/ibi/BuckheadLifeRestaurantGroup-Logo.png",false,0,"2.2",124,"0.00","0.00",0
"buckle","15d2e392-4d23-421c-b790-f114ba3fe026","Buckle","https://s3.amazonaws.com/raise-content/ibi/Buckle-Logo.png",true,1,"4.2",147,"0.00","3.00",0
"buffalo-wild-wings","cf61e2a2-f438-43f1-a482-4148c1633f2a","Buffalo Wild Wings®","https://raise-content.s3.amazonaws.com/MP-OPs/00_Raise/Buffalo+Wild+Wings/RAISE_BuffaloWildWings-Logo.png",true,650,"3.5",360,"4.00","10.00",26
"build-a-bear-workshop","aa9c1148-eccb-4e13-a30d-495f443c084f","Build-A-Bear Workshop®","https://raise-content.s3.amazonaws.com/MP-OPs/Build+A+Bear/BuildABear-Logo.png",true,436,"3.7",328,"0.00","20.08",15
"burger-king","310fc10b-7228-497b-911e-c2a02d003498","BURGER KING®","https://raise-content.s3.amazonaws.com/MP-OPs/Burger+King/BurgerKing-logo.png",true,33,"3.4",727,"2.50","4.00",8
"burlington","b105b8d2-d75f-4c06-ae2d-39000c9d581f","Burlington","https://raise-content.s3.amazonaws.com/MP-OPs/Burlington+Coat+Factory/Burlington-Logo.png",true,80,"3.3",526,"5.00","5.00",9
"cabela-s","7e531351-621a-40e4-892e-8589146f2fff","Cabela's","https://raise-content.s3.amazonaws.com/MP-OPs/Cabela's/Cabelas-Logo.png",true,1550,"3.6",735,"6.00","8.00",15
"california-pizza-kitchen","c98c2034-039c-4801-8fd8-df44db11fa3c","California Pizza Kitchen","https://raise-content.s3.amazonaws.com/MP-OPs/00_Raise/California+Pizza+Kitchen/RAISE_CPK-Logo.png",true,1805,"3.6",115,"5.00","23.26",14
"callaway-golf","6d7eac54-7242-4a78-998e-9db34a837fa5","Callaway Golf","https://raise-content.s3.amazonaws.com/MP-OPs/Callaway+Golf/Callaway-Logo.png",true,26,"3.5",153,"10.00","10.66",1
"carmike-cinemas","871ed137-6cb9-49c5-b6d5-e5259f45d8d2","Carmike Cinemas","https://s3.amazonaws.com/raise-content/ibi/CarmikeCinemas-Logo.png",false,0,"4.2",291,"0.00","0.00",0
"carnival","a3fef115-84e5-44c0-ae7e-2ac43aa3ccab","Carnival","https://raise-content.s3.amazonaws.com/MP-OPs/00_Raise/Carnival/RAISE_carnival-logo.png",true,13,"3.0",465,"9.50","8.00",41
"carrabba-s-italian-grill-physical","4ddda86e-01da-4126-a535-e5cc43006f62","Carrabba's Italian Grill (Physical)","https://raise-content.s3.amazonaws.com/MP-OPs/Carrabbas+Italian+Grill/Carrabbas+Italian+Grill-logo.png",true,0,"3.5",114,"0.00","12.00",0
"carter-s","59a61546-fbe3-40ca-9fa0-30812b21053f","Carter's","https://raise-content.s3.amazonaws.com/MP-OPs/Carters/Carters-Logo.png",true,1602,"3.3",161,"5.00","9.06",12
"cash-wise-grocery","5725ca96-bb88-4c5f-8329-8445f35eff8c","Cash Wise Grocery","https://s3.amazonaws.com/raise-content/ibi/CashWiseGrocery-Logo.png",false,0,"1.2",261,"0.00","0.00",0
"celebrity-cruises","06235054-8a9f-4c70-aebe-798c3b9243dd","Celebrity Cruises","https://raise-content.s3.amazonaws.com/MP-OPs/Celebrity+Cruises/CelebrityCruises-Logo.png",true,14,"2.9",300,"0.00","10.00",0
"charlotte-russe","9c7a29b8-f251-4d3a-9b5c-98583c902852","Charlotte Russe","https://s3.amazonaws.com/raise-content/ibi/CharlotteRusse-Logo.png",false,0,"3.2",428,"0.00","0.00",0
"charming-charlie","66e4f0f6-3611-4ead-821d-a0a5520690d2","Charming Charlie","https://s3.amazonaws.com/raise-content/ibi/CharmingCharlie-Logo.png",false,0,"3.0",177,"0.00","0.00",0
"chevron-and-texaco","1052cc46-f3e7-4329-ab15-cf6bde15ed7f","Chevron and Texaco","https://raise-content.s3.amazonaws.com/MP-OPs/Chevron+Texaco/ChevronTexaco-Logo.png",true,430,"3.2",170,"0.50","4.00",1
"chick-fil-a","531596ef-ce1d-4cbb-ac5e-162196d96063","Chick-fil-A","https://s3.amazonaws.com/raise-content/ibi/Chick-fil-A-Logo.png",false,0,"3.6",347,"0.00","0.00",0
"chico-s","02474e64-ee5f-49c1-a323-2267dea4fc6b","Chico's","https://raise-content.s3.amazonaws.com/ibi/chicos-Logo.png",true,43,"3.0",360,"6.00","2.56",0
"chili-s-grill-bar","2a29144a-9753-4b4c-9b23-a8308c74f119","Chili’s® Grill & Bar","https://raise-content.s3.amazonaws.com/MP-OPs/Chilis/Chilis-Logo.png",true,1885,"3.6",440,"5.00","12.20",28
"chipotle","d13cfe89-6e74-461e-8c2e-1925d2f18b16","Chipotle","https://s3.amazonaws.com/raise-content/ibi/Chipotle-Logo.png",true,1649,"2.7",157,"2.00","6.00",56
"chipotle-physical","d13cfe89-6e74-461e-8c2e-1925d2f18b16","Chipotle (Physical)","https://s3.amazonaws.com/raise-content/ibi/Chipotle-Logo.png",true,10,"3.6",719,"0.00","1.20",0
"chuck-e-cheese","0265604b-e603-448c-a7ee-09bdd9ee5e3b","Chuck E. Cheese®","https://raise-content.s3.amazonaws.com/MP-OPs/Chuck+E+Cheese/ChuckECheese-Logo.png",true,68,"3.2",409,"4.00","8.20",14
"cinemark","a7e7f895-c11b-4957-9484-26ed3084def8","Cinemark","https://raise-content.s3.amazonaws.com/MP-OPs/Cinemark/Cinemark-Logo.png",true,21,"3.6",120,"4.00","3.84",1
"cirque-du-soleil","3a0714b5-ba9b-4f86-a20b-c6a9bd688397","Cirque du Soleil","https://s3.amazonaws.com/raise-content/ibi/CirqueDuSoleil-Logo.png",false,0,"3.1",209,"0.00","0.00",0
"claire-s","57eb0422-ab17-4814-b7b1-02321f41690b","Claire's","https://raise-content.s3.amazonaws.com/MP-OPs/Claire's/Claires-Logo.png",true,10,"3.0",248,"5.00","20.00",0
"coach","1e1783db-16d4-40c5-8474-3bdc2052daa2","COACH","https://raise-content.s3.amazonaws.com/MP-OPs/00_Raise/Coach/RAISE_Coach-Logo.png",false,0,"3.8",190,"0.00","0.00",0
"cold-stone-creamery","6c46550a-da41-426e-9924-2555b0b43e94","Cold Stone Creamery","https://raise-content.s3.amazonaws.com/MP-OPs/Cold+Stone+Creamery/ColdStone-Logo.png",true,731,"3.1",752,"10.00","23.50",25
"cole-haan","8b4d80b1-9745-459f-aa49-593dab3e333a","Cole Haan","https://s3.amazonaws.com/raise-content/ibi/ColeHaan-Logo.png",true,221,"3.0",179,"0.00","10.46",2
"columbia-sportswear-company","e3e83d30-8975-4a2f-a194-4a66f59c51f3","Columbia Sportswear Company","https://raise-content.s3.amazonaws.com/MP-OPs/Columbia/Columbia-Logo.png",true,108,"3.1",263,"5.00","5.35",5
"costco","b1089848-d3c0-4c83-b157-c729b49f49f5","Costco","https://s3.amazonaws.com/raise-content/ibi/Costco-Logo.png",false,0,"3.6",537,"0.00","0.00",0
"costco-online-only","b1089848-d3c0-4c83-b157-c729b49f49f5","Costco (Online Only)","https://s3.amazonaws.com/raise-content/ibi/Costco-Logo.png",false,0,"2.3",104,"0.00","0.00",0
"cracker-barrel-old-country-store-physical","1482669e-8860-4d89-a2ec-8b3567fb3ac5","Cracker Barrel Old Country Store® (Physical)","https://raise-content.s3.amazonaws.com/MP-OPs/00_Raise/Cracker+Barrel/RAISE_cracker-barrel-logo.png",true,1,"3.7",194,"0.00","0.12",0
"craftworks-restaurants","19f6c566-5fff-4ff7-8dc1-a97a3efecf5b","CraftWorks Restaurants","https://s3.amazonaws.com/raise-content/ibi/CraftWorksRestaurants-Logo.png",true,9,"4.8",106,"0.00","13.00",0
"crate-barrel","be8e8bb5-b5e6-46ed-9971-695315cecfe4","Crate & Barrel","https://raise-content.s3.amazonaws.com/MP-OPs/Crate+%26+Barrel/CrateBarrel-Logo.png",true,37,"3.5",153,"5.00","3.50",2
"crutchfield","10d1a4bd-d6a3-4edf-acb9-aba2a64c1c3b","Crutchfield","https://raise-content.s3.amazonaws.com/MP-OPs/Crutchfield/Crutchfield-Logo.png",true,654,"3.9",118,"4.00","7.96",14
"cvs-pharmacy","bbae839c-525e-47f7-88a6-da921ac887ca","CVS Pharmacy®","https://raise-content.s3.amazonaws.com/MP-OPs/00_Raise/CVS/RAISE_CVS-Logo.png",true,104,"3.7",1116,"3.50","4.12",10
"darden-restaurants","1bdcdc30-fab8-4c21-b685-3f336ae83120","Darden Restaurants","https://raise-content.s3.amazonaws.com/MP-OPs/DardenRestaurants-Logo.png",true,20,"4.4",554,"0.00","11.06",2
"dave-buster-s","5b9bdeab-0edd-45d3-97cc-0b7e27efcca3","Dave & Buster's®","https://raise-content.s3.amazonaws.com/MP-OPs/Dave+Busters/DaveBusters-Logo.png",true,924,"3.6",170,"5.00","12.46",17
"dell","69994fb0-11f4-4fea-9627-a50b93d7e873","Dell","https://s3.amazonaws.com/raise-content/ibi/Dells-Logo.png",false,0,"3.3",861,"0.00","0.00",0
"delta-air-lines","2db472b3-3876-49a5-b684-46632a1389ad","Delta Air Lines","https://raise-content.s3.amazonaws.com/MP-OPs/Delta+Air+Lines/DeltaAirLines-Logo.png",true,135,"3.1",684,"0.00","3.96",15
"denny-s","1adc3b00-8d1b-444e-aec6-84a1db4c92f5","Denny's","https://raise-content.s3.amazonaws.com/MP-OPs/00_Raise/Dennys/RAISE_Dennys-Logo.png",false,0,"3.7",112,"0.00","0.00",0
"dick-s-sporting-goods-in-store-only","bfd25b6a-e2c2-4201-a53b-5b40d7f528a4","Dick's Sporting Goods (In Store Only)","https://raise-content.s3.amazonaws.com/MP-OPs/Dicks+Sporting+Goods/Dicks-Logo.png",false,0,"3.6",237,"0.00","0.00",0
"dick-s-sporting-goods","bfd25b6a-e2c2-4201-a53b-5b40d7f528a4","DICK’S Sporting Goods","https://raise-content.s3.amazonaws.com/MP-OPs/Dicks+Sporting+Goods/Dicks-Logo.png",true,11,"3.0",1254,"0.00","3.80",13
"dickey-s-barbecue-pit","c0dec24a-4781-4bb9-a8ca-e45e7e3abc4c","Dickey's Barbecue Pit","https://raise-content.s3.amazonaws.com/MP-OPs/Dickeys+BBQ/DickeysBBQ-Logo.png",true,0,"4.8",225,"5.00","0.00",0
"dillard-s","2bbf499a-9ea0-49af-abad-580402e4681c","Dillard's","https://s3.amazonaws.com/raise-content/ibi/Dillards-Logo.png",false,0,"3.6",215,"0.00","0.00",0
"discovery-channel-store","4835a299-4f77-44e2-9476-6d2d275a7bc9","Discovery Channel Store","https://s3.amazonaws.com/raise-content/ibi/DiscoveryChannelStore-Logo.png",false,0,"3.1",114,"0.00","0.00",0
"dillard-s-online-only","2bbf499a-9ea0-49af-abad-580402e4681c","Dillard's (Online Only)","https://s3.amazonaws.com/raise-content/ibi/Dillards-Logo.png",true,12,"3.0",161,"0.00","5.00",0
"disney","8f5684a1-2ecb-47dd-b521-31ede7c98a33","Disney","https://raise-content.s3.amazonaws.com/MP-OPs/Disney/Disney-Logo.png",true,775,"3.5",1108,"0.00","2.05",2
"disney-store","70050723-351a-4f68-b147-0a3f829fbb3d","Disney Store","https://s3.amazonaws.com/raise-content/ibi/DisneyStore-Logo.png",true,54,"3.7",496,"0.00","0.39",2
"disney-store-in-store-only","70050723-351a-4f68-b147-0a3f829fbb3d","Disney Store (In Store Only)","https://s3.amazonaws.com/raise-content/ibi/DisneyStore-Logo.png",false,0,"3.0",356,"0.00","0.00",0
"dollar-tree","3257c557-3ad4-49e8-8320-6ef1ec5aa3f5","Dollar Tree","https://s3.amazonaws.com/assets.coupontrade.com/pay/static/media/brandPlaceholder.png",false,0,"3.7",166,"0.00","0.00",0
"domino-s","4bd4c64a-269b-4be8-84f3-0a2aa189dfbd","Domino’s®","https://raise-content.s3.amazonaws.com/MP-OPs/Dominos/Dominos-logo.png",true,14459,"3.1",553,"7.50","15.68",246
"dressbarn","1501eccb-c1b0-4d84-9f98-6c561d494f34","Dressbarn","https://s3.amazonaws.com/raise-content/ibi/Dressbarn-Logo.png",false,0,"3.5",210,"0.00","0.00",0
"dsw","cfbdaf15-6d53-4396-bdbb-ae05ea15f855","DSW","https://raise-content.s3.amazonaws.com/MP-OPs/00_Raise/DSW/RAISE_DSW-Logo.png",true,828,"3.6",305,"4.00","10.06",13
"dunkin","58b34605-cf82-4b38-8bef-5df497b0658c","Dunkin'","https://raise-content.s3.amazonaws.com/MP-OPs/Dunkin'+Donuts/DunkinDonuts-Logo.png",true,25,"4.8",1362,"1.00","0.76",19
"ebay","b0be2650-e0fd-401f-b96b-a7a3da829518","eBay","https://raise-content.s3.amazonaws.com/MP-OPs/00_Raise/ebay/RAISE_ebay-Logo.png",true,7,"3.1",2542,"0.50","0.06",20
"eddie-bauer","41f9bff0-5945-45ba-9100-54d01d4597a0","Eddie Bauer","https://raise-content.s3.amazonaws.com/MP-OPs/Eddie+Bauer/EddieBauer-Logo.png",true,17,"3.1",650,"2.00","3.00",0
"eddie-v-s","f7c67e36-ee70-4927-85fa-a4289f1c5687","Eddie V's","https://s3.amazonaws.com/assets.coupontrade.com/pay/static/media/brandPlaceholder.png",true,1,"4.9",103,"0.00","0.02",0
"express","7e8218e3-1f37-40ef-b703-23e474506c99","Express","https://raise-content.s3.amazonaws.com/MP-OPs/express-icon.png",true,1209,"3.6",495,"8.00","13.60",14
"exxon-mobil","1511ef6b-1e28-47c9-a0fc-cb2643f9b3e1","Exxon Mobil","https://raise-content.s3.amazonaws.com/MP-OPs/00_Raise/EXXON/RAISE_EXXON-Logo.png",true,29,"3.2",177,"0.00","0.00",3
"famous-dave-s","1315967f-0241-4ad8-8a87-dcbc08140871","Famous Dave's®","https://raise-content.s3.amazonaws.com/MP-OPs/Famous+Daves/FamousDaves-Logo.png",true,455,"3.6",132,"5.00","19.48",2
"famous-footwear","210988bd-809e-499f-b275-1749b8d71d81","Famous Footwear","https://raise-content.s3.amazonaws.com/MP-OPs/FamousFootwear-Logo.png",true,137,"3.1",161,"0.00","5.00",0
"fanatics","c27d8001-9ba4-40cd-8149-cafadacd3d7e","Fanatics","https://raise-content.s3.amazonaws.com/MP-OPs/00_Raise/Fanatics/RAISE_Fanatics-Logo.png",true,12,"3.2",288,"7.00","8.95",1
"fandango","a1afec15-d9c8-49c7-b08b-f8b7f4f9337b","Fandango","https://raise-content.s3.amazonaws.com/MP-OPs/00_Raise/Fandango/RAISE_Fandango-Logo.png",true,2253,"3.9",504,"0.00","13.80",42
"fannie-may-gifts","b643b369-ad04-4bc5-bd96-5bc91fe64efc","Fannie May Gifts","https://s3.amazonaws.com/raise-content/ibi/FannieMay-Logo.png",false,0,"2.4",141,"0.00","0.00",0
"fatz","d9982abe-dbc4-48af-adeb-4807646fc802","Fatz","https://s3.amazonaws.com/raise-content/ibi/Fatz-Logo.png",true,0,"5.0",113,"0.00","5.00",0
"five-guys","5eaca18b-9fdc-41dc-9757-f9cf5bc8be23","Five Guys","https://s3.amazonaws.com/raise-content/ibi/FiveGuys-Logo.png",false,0,"3.1",450,"0.00","0.00",0
"fleming-s-physical","c216bacd-f76d-44a9-9f22-36cd2b885ce3","Fleming's (Physical)","https://raise-content.s3.amazonaws.com/MP-OPs/Flemings/Flemings-Logo.png",true,0,"2.9",305,"0.00","2.20",0
"fogo-de-chao","086ee8e0-e8e5-4ccc-93a1-04654869bb7d","Fogo De Chao","https://raise-content.s3.amazonaws.com/MP-OPs/00_Raise/Fogo+De+Chao/RAISE_FogoDeChao-logo.png",true,58,"4.0",160,"6.00","14.22",2
"foot-locker","e0e7a7ac-b569-44c1-b835-02455f5e13f9","Foot Locker","https://raise-content.s3.amazonaws.com/MP-OPs/Foot+Locker/FootLocker-Logo.png",true,529,"4.4",118,"0.00","3.68",18
"forever-21","423bb8cf-db3b-40fb-bfac-3fe2daab5182","Forever 21","https://raise-content.s3.amazonaws.com/MP-OPs/Forever+21/Forever21-Logo.png",true,8,"3.2",2216,"5.00","13.50",1
"francesca-s","511d5ef3-5305-4b75-9274-ef424c2eeda6","Francesca's","https://s3.amazonaws.com/assets.coupontrade.com/pay/static/media/brandPlaceholder.png",true,16,"3.2",157,"0.00","22.09",1
"free-people","783267b3-95a1-47c2-8a1e-594970029832","Free People","https://s3.amazonaws.com/raise-content/ibi/FreePeople-Logo.png",false,0,"3.0",201,"0.00","0.00",0
"fuddruckers","2601ce15-e5bc-4d5d-8a33-5300b8298931","Fuddruckers","https://s3.amazonaws.com/raise-content/ibi/Fuddruckers-Logo.png",false,0,"2.5",117,"0.00","0.00",0
"gamestop","d3d4a018-131c-45ba-af5f-207385a94350","GameStop","https://raise-content.s3.amazonaws.com/MP-OPs/GameStop/GameStop-Logo.png",true,616,"3.9",591,"0.50","5.62",43
"gap","63bccf97-dca2-4369-9407-69ba59882eb4","GAP","https://raise-content.s3.amazonaws.com/MP-OPs/GAP/GAP-Logo.png",true,3016,"3.8",428,"5.00","17.96",34
"gilt","f4b4120c-c4eb-4e5e-93f7-b0b1325f8107","Gilt","https://raise-content.s3.amazonaws.com/MP-OPs/00_Raise/Gilt/RAISE_Gilt-Logo.png",false,0,"3.1",241,"0.00","0.00",0
"global-hotel-card-powered-by-expedia","f6b5fe20-b7de-497e-9b56-a8d8ec9bd21f","Global Hotel Card Powered by Expedia","https://raise-content.s3.amazonaws.com/MP-OPs/Global+Expedia/GlobalExpedia-Logo.png",true,3,"3.4",179,"6.00","10.00",0
"glen-ivy-spa","d7623052-6aae-4fa8-b71b-64ab2971d969","Glen Ivy Spa","https://s3.amazonaws.com/raise-content/ibi/GlenIvySpa-Logo.png",false,0,"2.9",114,"0.00","0.00",0
"golden-corral","2bb77df5-02d1-4324-9732-e0c743ca9254","Golden Corral","https://s3.amazonaws.com/raise-content/ibi/GoldenCorral-Logo.png",false,0,"3.0",204,"0.00","0.00",0
"google-play","6adb3c3f-5c33-41dd-b1a2-0c2e41751c4c","Google Play","https://raise-content.s3.amazonaws.com/MP-OPs/Google+Play/GooglePlay-Logo.png",true,80,"3.3",594,"1.00","0.48",23
"great-clips","801b849c-43ff-4bab-85bc-16c6140d75d4","Great Clips","https://s3.amazonaws.com/raise-content/ibi/GreatClips-Logo.png",false,0,"4.1",170,"0.00","0.00",0
"groupon","2d5c1e84-538b-4b54-8fb3-1e81ef9d451f","Groupon","https://raise-content.s3.amazonaws.com/MP-OPs/Groupon-Logo.png",true,60,"3.1",441,"4.00","0.07",3
"guitar-center","663c55a1-8a40-42db-8688-8b1e7c792b99","Guitar Center®","https://raise-content.s3.amazonaws.com/MP-OPs/Guitar+Center/GuitarCenter-Logo.png",true,0,"3.1",270,"5.00","0.00",1
"gymboree","b757e4d6-e1b2-4fab-8179-c8260afaa982","Gymboree","https://s3.amazonaws.com/raise-content/ibi/Gymboree-Logo.png",true,9,"3.5",145,"5.00","4.00",0
"h-e-b-online-only","eabe1260-c9be-4c09-af49-73da3e60d4c1","H-E-B (Online Only)","https://raise-content.s3.amazonaws.com/MP-OPs/HEB/HEB-Logo.png",true,7,"3.6",118,"0.00","3.06",0
"h-m","17a5bef1-a867-4f1f-8da6-a056a7d4fc13","H&M","https://raise-content.s3.amazonaws.com/MP-OPs/H-M-icon3.png",true,1865,"3.3",1464,"6.00","12.40",12
"hanna-andersson","07ecba60-b10c-4d0d-892e-21aff8f36844","Hanna Andersson","https://s3.amazonaws.com/raise-content/ibi/HannaAndersson-Logo.png",true,1,"2.8",114,"0.00","2.02",2
"harbor-freight-tools","d8091ee6-e7a4-4d83-a709-32fec0692ec7","Harbor Freight Tools","https://s3.amazonaws.com/raise-content/ibi/HarborFreightTools-Logo.png",false,0,"3.5",124,"0.00","0.00",0
"harris-teeter-grocery","5adae795-3be6-4e95-912c-ba6df26246c3","Harris Teeter Grocery","https://s3.amazonaws.com/raise-content/ibi/HarrisTeeterGrocery-Logo.png",false,0,"3.0",111,"0.00","0.00",0
"hobby-lobby","e7401db4-163a-4b42-ba0a-4598067b9e3d","Hobby Lobby","https://s3.amazonaws.com/raise-content/ibi/HobbyLobby-Logo.png",false,0,"3.8",130,"0.00","0.00",0
"hollister","8a54c2bf-b9c2-4af6-b05a-3d099f645867","Hollister","https://raise-content.s3.amazonaws.com/MP-OPs/Hollister/Hollister-Logo.png",true,63,"3.9",247,"4.00","6.93",9
"homegoods","bfa1bf72-b86e-4013-a8a6-d53efe389203","HomeGoods","https://raise-content.s3.amazonaws.com/MP-OPs/HomeGoods-Logo.png",true,27,"3.5",687,"0.00","1.67",5
"honeybaked","c8b5b5b6-0c4a-4f7d-bf15-630ffdcdb907","HoneyBaked®","https://s3.amazonaws.com/raise-content/ibi/HoneyBaked-Logo.png",true,26,"3.4",112,"0.00","12.00",0
"hotels-com","678fa3d5-a8e1-4289-8ebb-554d0f5b3b85","Hotels.com","https://raise-content.s3.amazonaws.com/MP-OPs/00_Raise/Hotels/RAISE_Hotels-Logo.png",true,2,"3.0",1047,"0.00","0.45",4
"hp","c7931bc9-628a-4bcb-8616-69980df9d256","HP","https://s3.amazonaws.com/raise-content/ibi/HP-Logo.png",true,1,"3.2",239,"0.00","0.06",0
"hyatt","97276c17-65d9-455f-97f5-1cb72efa1289","Hyatt","https://raise-content.s3.amazonaws.com/MP-OPs/00_Raise/Hyatt/RAISE_Hyatt-Logo.png",false,1,"3.7",373,"0.00","0.00",0
"ihop","2538541b-fbf0-4fd3-aa7d-bb6097454349","IHOP®","https://raise-content.s3.amazonaws.com/MP-OPs/IHOP/IHOP-Logo.png",true,1054,"3.4",226,"5.00","14.50",18
"ikea-in-store-only","163d15a4-00e0-433c-8e1c-dced27f5e16a","Ikea (In Store Only)","https://s3.amazonaws.com/raise-content/ibi/IKEA-Logo.png",false,0,"3.1",167,"0.00","0.00",0
"ikea-online-only","163d15a4-00e0-433c-8e1c-dced27f5e16a","Ikea (Online Only)","https://s3.amazonaws.com/raise-content/ibi/IKEA-Logo.png",true,1986,"3.2",512,"0.00","5.55",48
"itunes","d5920810-e6bf-4b81-b6b4-98085986051c","iTunes","https://s3.amazonaws.com/raise-content/ibi/iTunes-Logo.png",false,0,"3.1",5625,"0.00","0.00",0
"j-jill","1ecd9cf8-26c1-442f-8f85-ab2c687dcecf","J Jill","https://s3.amazonaws.com/raise-content/ibi/JJill-Logo.png",false,0,"3.0",162,"0.00","0.00",0
"j-crew","dd219305-789f-49fd-abe6-7eaaea1fb310","J.Crew","https://raise-content.s3.amazonaws.com/MP-OPs/J.Crew/JCrew-Logo.png",true,15,"3.1",474,"0.00","0.46",1
"jack-in-the-box","0e327de2-c43b-47d1-8ed1-36184df34af8","Jack in the Box","https://s3.amazonaws.com/raise-content/ibi/JackInTheBox-Logo.png",false,0,"3.2",269,"0.00","0.00",0
"jcpenney","158798a6-ebe7-4cd0-a291-d89f8159a195","JCPenney","https://raise-content.s3.amazonaws.com/MP-OPs/JCPenney/JCPenney-Logo.png",true,1421,"3.8",1680,"2.00","9.45",10
"jersey-mike-s-subs","3450ba05-ddad-4186-8a29-eb009b30bc96","Jersey Mike's Subs","https://raise-content.s3.amazonaws.com/MP-OPs/Jersey+Mike's/JerseyMikes-Logo.png",true,359,"3.0",119,"5.00","2.40",8
"jiffy-lube","32dbc82f-c57b-47bb-9cb5-7a2e2a8e6c39","Jiffy Lube®","https://raise-content.s3.amazonaws.com/MP-OPs/Jiffy+Lube/JiffyLube-Logo.png",true,3181,"2.8",271,"0.00","30.36",35
"jimmy-john-s","f9b29a82-90b2-452b-bc5b-82c44fcc09d9","Jimmy John's","https://s3.amazonaws.com/raise-content/ibi/JimmyJohns-Logo.png",false,0,"4.0",117,"0.00","0.00",0
"jo-ann-fabrics","92b5d6ae-e55a-4a22-ace4-69eb2a514a6c","Jo Ann Fabrics","https://raise-content.s3.amazonaws.com/MP-OPs/Joann-Logo.png",true,15,"3.5",162,"3.00","2.00",0
"jos-a-bank","d3af7eee-d35b-4874-88aa-bee736721463","Jos. A. Bank","https://s3.amazonaws.com/raise-content/ibi/JosABank-Logo.png",true,34,"4.0",135,"0.00","6.28",0
"justice","7c2b7d9b-a1c9-47c1-8308-9be1a9f397c6","Justice","https://s3.amazonaws.com/raise-content/ibi/Justice-Logo.png",false,0,"3.8",187,"0.00","0.00",0
"kate-spade","b7b12a6e-514d-4723-a24b-518923bf78cc","Kate Spade","https://s3.amazonaws.com/raise-content/ibi/KateSpade-Logo.png",true,9,"3.3",159,"0.00","3.10",0
"kay-jewelers","08ef8764-52ec-49c0-917d-05be11ecd2b6","Kay Jewelers","https://s3.amazonaws.com/raise-content/ibi/KayJewelers-Logo.png",true,3,"3.2",218,"0.00","11.00",0
"kfc","4ad1e3e2-d981-4d93-9b5b-81d98dc8b005","KFC","https://s3.amazonaws.com/raise-content/ibi/KFC-logo.png",false,0,"3.6",106,"0.00","0.00",0
"kmart","3f5a29f7-3220-4ab2-9bd2-cbe1c6cd71bd","Kmart","https://raise-content.s3.amazonaws.com/MP-OPs/00_Raise/KMart/RAISE_Kmart-Logo.png",false,0,"3.2",497,"0.00","0.00",0
"kohl-s","ef9e0817-f1cb-4dbb-8aa6-0951065ad8e9","Kohl's","https://raise-content.s3.amazonaws.com/MP-OPs/00_Raise/Kohls/RAISE_Kohls-Logo.png",true,143,"4.0",1507,"0.00","5.80",42
"kohl-s-in-store-only","ef9e0817-f1cb-4dbb-8aa6-0951065ad8e9","Kohl's (In Store Only)","https://raise-content.s3.amazonaws.com/MP-OPs/00_Raise/Kohls/RAISE_Kohls-Logo.png",false,0,"3.0",112,"0.00","0.00",0
"kroger","2d815353-247e-414a-a0ea-20128256219b","Kroger","https://raise-content.s3.amazonaws.com/MP-OPs/kroger-logo-taxon.png",true,9,"3.6",344,"0.50","2.00",11
"l-l-bean","2d6c5d93-1f5b-44b0-9ac7-9a5751561487","L.L.Bean","https://raise-content.s3.amazonaws.com/MP-OPs/L.L.Bean/LLBean-Logo.png",true,1059,"4.2",125,"8.00","14.36",19
"landry-s","2aca498c-e128-4bc9-b15a-5969223e1598","Landry's","https://raise-content.s3.amazonaws.com/MP-OPs/Landry's/Landrys-Logo.png",true,79,"4.8",1434,"10.00","15.00",4
"lands-end","10c8195d-7940-41ba-933a-bfe87b666b3b","Lands' End","https://raise-content.s3.amazonaws.com/MP-OPs/Lands'+End/LandsEnd-Logo.png",true,42,"4.9",343,"8.00","2.50",4
"lane-bryant","10a9ffd4-985d-4ab5-8814-bbc79a4939aa","Lane Bryant®","https://raise-content.s3.amazonaws.com/MP-OPs/Lane+Bryant/LaneBryant-Logo.png",true,905,"3.2",272,"3.00","14.26",2
"lego","11a0c9e5-4536-4d90-bfe5-dad63a4e511e","Lego","https://s3.amazonaws.com/raise-content/ibi/Lego-Logo.png",false,0,"3.3",271,"0.00","0.00",0
"levi-s","1fb83d92-3be5-4f9f-9401-908a5477b87c","Levi's","https://s3.amazonaws.com/raise-content/ibi/Levis-Logo.png",true,7,"3.1",187,"0.00","15.60",0
"little-caesars-pizza","ed0be9b2-f971-4ad3-aba5-1081f43691c0","Little Caesars Pizza","https://s3.amazonaws.com/raise-content/ibi/LittleCaesarsPizza-Logo.png",false,0,"2.9",104,"0.00","0.00",0
"loft","7f0f3749-3415-4bf2-b5bf-4834e4ce1681","Loft","https://raise-content.s3.amazonaws.com/MP-OPs/00_Raise/Loft/RAISE_Loft-Logo.png",true,7,"3.6",166,"7.00","5.10",3
"loft-in-store-only","7f0f3749-3415-4bf2-b5bf-4834e4ce1681","Loft (In Store Only)","https://raise-content.s3.amazonaws.com/MP-OPs/00_Raise/Loft/RAISE_Loft-Logo.png",false,0,"3.1",712,"0.00","0.00",0
"logan-s-roadhouse","6f96177f-ad42-496e-aa3f-42018def9d83","Logan's Roadhouse","https://raise-content.s3.amazonaws.com/MP-OPs/Logan's+Roadhouse/LogansRoadhouse-Logo.png",true,173,"4.2",112,"5.00","20.00",4
"longhorn-steakhouse","ae4043ba-5da7-4a82-9b97-4e321635bd1b","Longhorn Steakhouse","https://raise-content.s3.amazonaws.com/MP-OPs/Longhorn+Steakhouse/LonghornSteakhouse-Logo.png",true,197,"4.5",490,"0.00","2.00",3
"louis-vuitton","b678a6e9-551e-49b1-b37f-9f7af92eda47","Louis Vuitton","https://s3.amazonaws.com/raise-content/ibi/LouisVuitton-Logo.png",false,0,"3.2",211,"0.00","0.00",0
"lowe-s","dd231d64-4b34-48e0-b6a7-ca1faab219a1","Lowe's","https://raise-content.s3.amazonaws.com/MP-OPs/Lowes/Lowes-Logo.png",true,5397,"4.8",1745,"4.50","4.60",166
"lowe-s-in-store-only","dd231d64-4b34-48e0-b6a7-ca1faab219a1","Lowe's (In Store Only)","https://raise-content.s3.amazonaws.com/MP-OPs/Lowes/Lowes-Logo.png",false,0,"3.5",3804,"0.00","0.00",0
"lululemon","3eb1fe51-335f-4993-8b5f-3d499b3b1161","Lululemon","https://raise-content.s3.amazonaws.com/MP-OPs/Lululemon/Lululemon-Logo.png",true,1116,"3.1",804,"0.00","3.70",18
"lush","925f9fd0-787d-4f6e-9d1d-0ea0883493e4","LUSH","https://s3.amazonaws.com/raise-content/ibi/Lush-Logo.png",false,0,"3.6",186,"0.00","0.00",0
"macaroni-grill","9095513e-6b71-4fa4-97db-0055b2d0a961","Macaroni Grill","https://s3.amazonaws.com/raise-content/ibi/MacaroniGrill-Logo.png",true,815,"3.8",112,"0.00","29.36",7
"macy-s","e647384e-b08a-4df4-b37f-57a73d8adb4f","Macy's","https://raise-content.s3.amazonaws.com/MP-OPs/Macy's/Macys-Logo.png",true,1561,"3.7",3050,"4.00","5.65",27
"madewell","4348604c-985f-4a26-87be-9360d692361e","Madewell","https://s3.amazonaws.com/raise-content/ibi/Madewell-Logo.png",true,48,"3.2",247,"0.00","5.00",0
"marcus-theatres","5362b6a2-ee8c-434d-aef6-8390c4c55536","Marcus Theatres","https://s3.amazonaws.com/raise-content/ibi/MarcusTheatres-Logo.png",true,4,"3.3",175,"0.00","7.51",4
"marshalls","fded2f41-a2c8-4cda-be3c-4648b6fde88c","Marshalls","https://raise-content.s3.amazonaws.com/MP-OPs/Marshalls/Marshalls-Logo.png",true,47,"3.3",1510,"0.00","3.50",2
"massage-envy","f75d902f-c658-4b19-8f03-798352fe8604","Massage Envy","https://s3.amazonaws.com/raise-content/ibi/MassageEnvy-Logo.png",false,0,"3.6",396,"0.00","0.00",0
"mcalister-s-deli","a96ed3f1-94f6-4ed7-ac2a-049d5b2ce81b","McAlister's Deli","https://raise-content.s3.amazonaws.com/MP-OPs/McAlisters+Deli/McAlisters-Logo.png",true,25,"1.8",104,"4.00","3.57",0
"mccormick-schmick-s","e5cb4867-cf95-4a44-bbbb-1e8002641537","McCormick & Schmick's","https://raise-content.s3.amazonaws.com/MP-OPs/McCormick+Schmick/McCormick%26Schmicks-Logo.png",true,54,"2.8",158,"0.00","17.30",0
"mcdonald-s","6e4dfe61-902b-46f3-9883-a8738dc47f0b","McDonald's","https://s3.amazonaws.com/raise-content/ibi/McDonalds-Logo.png",true,160,"3.5",1266,"0.00","5.75",5
"meijer-grocery","17e345a4-0929-4f3b-86a5-8eb10c86819c","Meijer Grocery","https://s3.amazonaws.com/raise-content/ibi/Meijer-Logo.png",false,0,"3.8",195,"0.00","0.00",0
"men-s-wearhouse","7215bad6-f8ff-4bd4-891b-0d45cb0843c8","Men's Wearhouse","https://s3.amazonaws.com/raise-content/ibi/MensWarehouse-Logo.png",true,33,"3.7",161,"0.00","6.00",0
"menards","16e7869d-d2dc-4fa5-92b5-55ad56add91c","Menards","https://raise-content.s3.amazonaws.com/MP-OPs/00_Raise/Menards/RAISE_Menards-Logo.png",false,0,"4.0",165,"0.00","0.00",0
"michael-kors","bd60506c-4f18-48ea-bf61-b4284cba9be7","Michael Kors","https://s3.amazonaws.com/raise-content/ibi/MichaelKors-Logo.png",false,0,"3.0",223,"0.00","0.00",0
"michaels","f199d187-eea8-496f-a529-628bcce46ee9","Michaels","https://raise-content.s3.amazonaws.com/MP-OPs/Michaels/Michaels-Logo.png",true,40,"3.2",1068,"4.00","4.00",6
"michaels-online-only","f199d187-eea8-496f-a529-628bcce46ee9","Michaels (Online Only)","https://raise-content.s3.amazonaws.com/MP-OPs/Michaels/Michaels-Logo.png",false,0,"2.9",245,"0.00","0.00",0
"microsoft-store","a2669d17-5e61-4258-9c89-f06fb2a7d6e4","Microsoft Store","https://raise-content.s3.amazonaws.com/MP-OPs/00_Raise/Microsoft/RAISE_Microsoft-Logo.png",true,0,"3.6",120,"0.00","0.00",0
"modell-s-sporting-goods","72ea4ec2-1269-43f9-806a-7318b748b49b","Modell's Sporting Goods","https://s3.amazonaws.com/raise-content/ibi/ModellsSportingGoods-Logo.png",false,0,"2.9",120,"0.00","0.00",0
"morton-s-the-steakhouse","f0fac7a8-90aa-4a4f-b6e9-babef5dd1b0a","Morton's The Steakhouse","https://raise-content.s3.amazonaws.com/MP-OPs/00_Raise/Mortons+Steakhouse/RAISE_MortonsSteakhouse-Logo.png",true,32,"3.2",110,"10.00","13.20",0
"movietickets-com","7fb57a60-3949-4760-81ee-da19370b5f21","Movietickets.com","https://raise-content.s3.amazonaws.com/MP-OPs/01_Slide/MovieTicketsCom/SLIDE_MovieTicketsCom-Logo.png",true,59,"3.1",214,"0.00","10.08",0
"neiman-marcus","78349404-d35b-4dda-9c5e-47239bf80b2c","Neiman Marcus","https://s3.amazonaws.com/raise-content/ibi/NeimanMarcus-Logo.png",true,57,"4.3",225,"0.00","1.26",7
"netflix","2863e337-1d4f-4ad6-ba85-6274bdfd0e8c","Netflix","https://raise-content.s3.amazonaws.com/MP-OPs/00_Raise/Netflix/RAISE_Netflix-Logo.png",true,394,"3.4",150,"0.00","1.76",2
"new-york-company","145dd17c-217e-4e8d-88ed-c078a01758f8","New York & Company","https://s3.amazonaws.com/raise-content/ibi/NewYork-Company-Logo.png",false,0,"3.2",538,"0.00","0.00",0
"new-york-company-in-store-only","145dd17c-217e-4e8d-88ed-c078a01758f8","New York & Company (In Store Only)","https://s3.amazonaws.com/raise-content/ibi/NewYork-Company-Logo.png",false,0,"3.0",143,"0.00","0.00",0
"newegg","45a26bd1-5102-4116-9bff-5e9bb05c8ff6","Newegg","https://s3.amazonaws.com/raise-content/ibi/Newegg-Logo.png",false,0,"4.2",253,"0.00","0.00",0
"nfl-shop","3723541e-42e9-458d-b6db-decc9eb85ec3","NFL Shop","https://raise-content.s3.amazonaws.com/MP-OPs/00_Raise/NFL+Shop/RAISE_NFLShop-Logo.png",true,15,"2.6",185,"7.00","8.89",2
"nike","ad3410b2-5daa-4647-9f3c-51c9407b98e8","Nike","https://raise-content.s3.amazonaws.com/MP-OPs/Nike/Nike-Logo.png",true,79,"4.8",842,"0.00","1.00",96
"nintendo-eshop","c521bddc-7d77-4828-b502-8d1ca03862b9","Nintendo eShop","https://raise-content.s3.amazonaws.com/MP-OPs/Nintendo+eShop/NinendoeShop-Logo.png",true,2047,"3.3",660,"8.00","8.96",144
"nordstrom","5db23d42-0b87-4fff-9ff1-fcd892043c9f","Nordstrom","https://raise-content.s3.amazonaws.com/MP-OPs/00_Raise/Nordstrom/RAISE_Nordstrom-Logo.png",true,0,"3.6",695,"1.00","0.00",5
"nutrisystem","d46fd0d9-0c4e-406c-bf68-c28b68823e0c","Nutrisystem","https://raise-content.s3.amazonaws.com/MP-OPs/00_Raise/Nutrisystem/RAISE_Nutrisystem-Logo.png",true,528,"4.1",324,"0.00","15.56",36
"o-charley-s","31775781-9407-4913-88f0-c4689462f7d6","O’Charley’s®","https://raise-content.s3.amazonaws.com/MP-OPs/00_Raise/OCharleys/RAISE_OCharleys-Logo.png",true,85,"3.0",136,"10.00","18.00",2
"oakley","f2a16714-0a0d-404b-89e3-bcb9426fb1f8","Oakley","https://s3.amazonaws.com/raise-content/ibi/Oakley-Logo.png",false,0,"3.1",143,"0.00","0.00",0
"office-depot","726bedbd-8552-42d1-a424-1db3f3a89912","Office Depot","https://raise-content.s3.amazonaws.com/MP-OPs/OfficeDepot-Logo.png",true,30,"3.1",265,"3.50","5.00",8
"officemax","8bc2bb28-7b89-44a8-9b17-1f4d53a62297","OfficeMax","https://raise-content.s3.amazonaws.com/MP-OPs/OfficeDepot-Logo.png",true,55,"3.8",112,"3.50","3.50",1
"old-navy","05efcec9-ed47-4e5a-bf19-c3a85cb40207","Old Navy","https://raise-content.s3.amazonaws.com/MP-OPs/old-navy-logo.png",true,2972,"3.6",408,"5.00","14.80",21
"olive-garden","028c2975-f60f-48bb-b970-0e5225634587","Olive Garden","https://raise-content.s3.amazonaws.com/MP-OPs/Olive+Garden/OliveGarden-Logo.png",true,435,"3.9",1440,"0.00","2.40",24
"on-the-border","db86051c-5b78-456e-b6cb-9918b049b62a","On the Border","https://raise-content.s3.amazonaws.com/MP-OPs/00_Raise/On+The+Boarder/RAISE_OnTheBorder-Logo.png",true,85,"2.9",105,"5.00","10.47",4
"outback-steakhouse-physical","f3340d22-e261-4fa6-9f48-070de03a5a53","Outback Steakhouse (Physical)","https://raise-content.s3.amazonaws.com/MP-OPs/00_Raise/Outback/RAISE_Outback-Logo.png",true,0,"3.3",647,"0.00","1.00",0
"overstock","cc6e74ea-9e91-4922-9ccb-ddb56fa00af3","Overstock","https://raise-content.s3.amazonaws.com/MP-OPs/00_Raise/Overstock/RAISE_Overstock-Logo.png",true,306,"3.3",334,"4.00","4.06",5
"p-f-chang-s","a03cf64f-d5c6-4074-8fd0-265cec23c05a","P.F. Chang's","https://raise-content.s3.amazonaws.com/MP-OPs/00_Raise/PF+Changs/RAISE_PFChangs-Logo.png",true,35,"3.7",335,"6.00","12.60",6
"pacsun","7bb067e7-b7bb-4b92-b85f-c41e981c0fa1","PacSun","https://s3.amazonaws.com/raise-content/ibi/PacSun-Logo.png",true,4,"3.8",216,"0.00","9.97",0
"panda-express","ceebcd4a-fcb9-4a8a-98d9-ef3457f3fa45","Panda Express","https://raise-content.s3.amazonaws.com/MP-OPs/Panda+Express/PandaExpress-Logo.png",true,276,"3.3",349,"5.00","6.06",12
"pandora","4fa2b610-a1a3-42f4-bb04-e6e6ca6e973b","Pandora","https://s3.amazonaws.com/raise-content/ibi/Pandora-Logo.png",true,0,"3.0",104,"0.00","6.99",0
"panera-bread","486057a4-ea64-43c2-82bd-0497ab75924e","Panera Bread","https://raise-content.s3.amazonaws.com/MP-OPs/00_Raise/Panera+Bread/RAISE_PaneraBread-Logo3.31.21.png",true,6390,"4.3",1098,"4.95","15.38",34
"papa-john-s-pizza","7d38e6dc-a210-45f7-9ecc-69075721a962","Papa John's Pizza","https://raise-content.s3.amazonaws.com/MP-OPs/00_Raise/Papa+Johns/RAISE_PapaJohns-Logo.png",true,214,"3.8",219,"2.00","4.00",10
"panera-bread-in-restaurant-only","486057a4-ea64-43c2-82bd-0497ab75924e","Panera Bread (In Restaurant Only)","https://raise-content.s3.amazonaws.com/MP-OPs/00_Raise/Panera+Bread/RAISE_PaneraBread-Logo3.31.21.png",true,0,"3.1",200,"0.00","4.47",0
"pappas-restaurants","b12823fa-9f8b-445a-b907-9cb47661ca2c","Pappas Restaurants","https://s3.amazonaws.com/raise-content/ibi/PappasRestaurants-Logo.png",true,78,"3.1",103,"0.00","8.00",1
"patagonia","6183d8a6-7800-4349-83af-6609bcc07642","Patagonia","https://s3.amazonaws.com/raise-content/ibi/Patagonia-logo.png",true,21,"3.6",137,"0.00","12.00",0
"payless-shoesource","e03b311b-3e8b-4d21-80ab-27a6c3960dbe","Payless ShoeSource","https://s3.amazonaws.com/raise-content/ibi/Payless-Logo.png",false,0,"3.1",669,"0.00","0.00",0
"peet-s-coffee-tea-physical","6902a62a-eab1-4c6d-9184-b70dadddbe68","Peet's Coffee & Tea (Physical)","https://raise-content.s3.amazonaws.com/MP-OPs/Peet's+Coffee/PeetsCoffee-Logo.png",true,0,"3.0",191,"0.00","14.50",0
"petco","c631ee60-8292-40a7-a164-6f46330ea598","Petco","https://raise-content.s3.amazonaws.com/MP-OPs/Petco-Logo.png",true,145,"3.5",220,"2.55","6.80",11
"petco-in-store-only","c631ee60-8292-40a7-a164-6f46330ea598","Petco (In Store Only)","https://raise-content.s3.amazonaws.com/MP-OPs/Petco-Logo.png",false,0,"3.1",508,"0.00","0.00",0
"petsmart-in-store-only","fc1b68c1-62b0-46ce-a58f-ebdd8ee896f2","PetSmart (In Store Only)","https://raise-content.s3.amazonaws.com/MP-OPs/PetSmart/Petsmart_Logo.png",false,0,"3.3",814,"0.00","0.00",0
"petsmart-only-online","fc1b68c1-62b0-46ce-a58f-ebdd8ee896f2","PetSmart (Only Online)","https://raise-content.s3.amazonaws.com/MP-OPs/PetSmart/Petsmart_Logo.png",true,1520,"3.1",376,"0.00","14.48",34
"pier-1-imports","67d7ef68-4be3-4ca6-81ed-d295975b6e9f","Pier 1 Imports","https://s3.amazonaws.com/assets.coupontrade.com/pay/static/media/brandPlaceholder.png",false,0,"3.4",468,"0.00","0.00",0
"pizza-hut","d601637b-a3a1-45cc-8e38-d46292203448","Pizza Hut","https://s3.amazonaws.com/raise-content/ibi/PIzzaHut-Logo.png",true,1,"2.8",373,"0.00","5.00",0
"playstation-network","23f25697-9904-46ec-af55-cd64628c535c","PlayStation Network","https://s3.amazonaws.com/raise-content/ibi/PlaystationNetwork-Logo.png",true,2975,"4.8",293,"5.00","9.96",34
"portillo-s","cfc1b8f3-b7a2-4032-b876-a23ccc70c0ef","Portillo's","https://s3.amazonaws.com/raise-content/ibi/Portillos-Logo.png",false,0,"4.4",118,"0.00","0.00",0
"pottery-barn","46dac9c0-f9b4-4668-a5d3-60d4ba2cf0bf","Pottery Barn","https://raise-content.s3.amazonaws.com/MP-OPs/00_Raise/PotteryBarn-Logo.png",true,5,"3.2",445,"3.00","0.96",0
"publix","b65cfdb1-0e7d-4325-9d1c-3a9fda72e17a","Publix","https://raise-content.s3.amazonaws.com/MP-OPs/00_Raise/Publix/RAISE_Publix-Logo.png",false,0,"3.1",393,"0.00","0.00",0
"rainforest-cafe","a6002d43-01d5-4fec-8b6a-38969181f147","Rainforest Café","https://raise-content.s3.amazonaws.com/MP-OPs/Rainforest+Cafe/RainForestCafe-Logo.png",true,18,"3.1",109,"0.00","8.00",0
"ralph-lauren","4fede1d4-5299-4f60-9b36-8ae44e98541e","Ralph Lauren","https://s3.amazonaws.com/raise-content/ibi/RalphLauren-Logo.png",false,0,"3.2",132,"0.00","0.00",0
"red-lobster","0e5c43d7-a724-45de-a229-8efcc4129ffb","Red Lobster®","https://raise-content.s3.amazonaws.com/MP-OPs/Red+Lobster/RedLobster-Logo.png",true,26,"3.5",488,"5.00","3.00",5
"red-robin","8f8a0035-7731-471a-94f5-db79e7b608c3","Red Robin","https://raise-content.s3.amazonaws.com/MP-OPs/Red+Robin/RedRobin-Logo.png",true,1795,"3.9",178,"7.00","14.28",19
"regal","5cab82c1-1ccf-4379-84a3-e513561b0ffd","Regal","https://raise-content.s3.amazonaws.com/MP-OPs/Regal/Regal-Logo.png",true,1951,"3.6",568,"5.00","9.76",11
"rei","d1845c60-e08e-4b6a-8aa7-470001096410","REI","https://raise-content.s3.amazonaws.com/MP-OPs/REI/REI-Logo.png",true,133,"4.0",168,"7.30","3.36",7
"restaurant-com","aa3f8a1a-a246-4f47-ac74-4df9bd864486","Restaurant.com","https://raise-content.s3.amazonaws.com/MP-OPs/00_Raise/Restaurant/RAISE_RestaurantDotCom-Logo.png",false,0,"3.6",3772,"0.00","0.00",0
"restoration-hardware","33602022-9611-4fee-9400-4e4f0400c10c","Restoration Hardware","https://s3.amazonaws.com/assets.coupontrade.com/pay/static/media/brandPlaceholder.png",false,0,"3.2",262,"0.00","0.00",0
"restaurants-unlimited","6a64966a-600f-4413-aff3-99dfa8b877d8","Restaurants Unlimited","https://s3.amazonaws.com/raise-content/ibi/RestaurantsUnlimited-Logo.png",true,14,"3.3",205,"0.00","20.00",0
"rite-aid","1e660a75-446e-4fde-b742-71974f7c28bb","Rite Aid","https://s3.amazonaws.com/raise-content/ibi/RiteAid-Logo.png",false,0,"3.9",199,"0.00","0.00",0
"rooms-to-go","0852b783-7087-4a98-94b9-c6fb55b9fe62","Rooms To Go","https://s3.amazonaws.com/raise-content/ibi/RoomsToGo-Logo.png",false,0,"3.7",108,"0.00","0.00",0
"ross","f4939d60-ba52-4c94-ab16-29dce943a91a","Ross","https://raise-content.s3.amazonaws.com/MP-OPs/00_Raise/ROSS/RAISE_ROSS-Logo.png",false,0,"3.5",191,"0.00","0.00",0
"ross-in-store-only","f4939d60-ba52-4c94-ab16-29dce943a91a","Ross (In Store Only)","https://raise-content.s3.amazonaws.com/MP-OPs/00_Raise/ROSS/RAISE_ROSS-Logo.png",false,0,"3.4",694,"0.00","0.00",0
"royal-caribbean","cd6f699d-e221-4c66-82eb-ce51af94b8d9","Royal Caribbean","https://raise-content.s3.amazonaws.com/MP-OPs/00_Raise/Royal+Carribean/RAISE_RoyalCaribbean-Logo.png",true,16,"2.9",619,"8.00","5.00",3
"ruby-tuesday","94073060-2642-47fd-a255-1f991a88b55b","Ruby Tuesday","https://raise-content.s3.amazonaws.com/MP-OPs/Ruby+Tuesday/RubyTuesday-Logo.png",true,1610,"3.8",100,"5.00","19.16",6
"rue21","fb854e67-40c0-4c5f-91d6-6620a884a803","rue21","https://raise-content.s3.amazonaws.com/ibi/rue21-Logo.png",true,0,"3.2",340,"5.00","0.00",1
"ruth-s-chris-steak-house","6eab96ff-f0ff-48c1-829f-2cf32609ce24","Ruth's Chris Steak House","https://raise-content.s3.amazonaws.com/MP-OPs/ruth-chris-instant-icon.png",true,0,"3.1",1123,"5.00","0.00",0
"safeway","37e4fab6-e8e1-4f9c-9298-3d707f2e914d","Safeway","https://raise-content.s3.amazonaws.com/MP-OPs/Safeway/Safeway-Logo.png",true,12,"3.1",263,"1.00","0.50",1
"saks-fifth-avenue","9168d231-8e2b-40e1-a6d3-8a3464d497b0","Saks Fifth Avenue","https://raise-content.s3.amazonaws.com/MP-OPs/00_Raise/Saks+Fifth+Ave/RAISE_SaksFifthAve-Logo.png",true,24,"4.0",135,"5.00","2.00",8
"sally-beauty-supply","b0020426-0d05-4aec-9d14-7a5415562251","Sally Beauty Supply","https://s3.amazonaws.com/raise-content/ibi/SallyBeautySupply-Logo.png",true,0,"3.1",179,"0.00","0.00",0
"sam-s-club","46912d52-64a8-47ae-8c52-587a96bc992f","Sam's Club","https://raise-content.s3.amazonaws.com/MP-OPs/Sam's+Club/SamsClub-Logo.png",true,10,"2.9",346,"0.00","0.00",2
"sears","cdf26e35-a29d-4bce-a9eb-2cd2c9536d85","Sears","https://raise-content.s3.amazonaws.com/MP-OPs/00_Raise/Sears/RAISE_Sears-Logo.png",true,1,"3.5",971,"0.00","7.00",0
"sephora","1a109192-39a6-4637-bbe9-7aee4aa705f0","Sephora","https://raise-content.s3.amazonaws.com/MP-OPs/Sephora/Sephora-Logo.png",true,518,"3.6",1502,"4.00","4.10",37
"sephora-in-store-only","1a109192-39a6-4637-bbe9-7aee4aa705f0","Sephora (In Store Only)","https://raise-content.s3.amazonaws.com/MP-OPs/Sephora/Sephora-Logo.png",false,0,"2.7",587,"0.00","0.00",0
"sephora-inside-jcpenney","1a109192-39a6-4637-bbe9-7aee4aa705f0","Sephora (Inside JCPenney)","https://raise-content.s3.amazonaws.com/MP-OPs/Sephora/Sephora-Logo.png",false,0,"3.1",626,"0.00","0.00",0
"shell-gasoline","cdf53900-572c-4117-b242-c29474cdda56","Shell Gasoline","https://raise-content.s3.amazonaws.com/MP-OPs/00_Raise/Shell/RAISE_Shell-Logo.png",false,0,"4.7",1292,"0.00","0.00",0
"shoe-carnival","a5c48a35-ff64-4c31-ab9c-557688d66621","Shoe Carnival","https://s3.amazonaws.com/raise-content/ibi/ShoeCarnival-Logo.png",false,0,"1.1",1360,"0.00","0.00",0
"shoprite","b64a53af-bbe3-44f9-9282-99adb3945a9f","ShopRite","https://s3.amazonaws.com/raise-content/ibi/ShopRite-Logo.png",false,0,"2.9",148,"0.00","0.00",0
"six-flags-east-coast","af9809cf-64a7-4e92-8376-6d30e86ca00e","Six Flags (East Coast)","https://s3.amazonaws.com/raise-content/ibi/SixFlags-Logo.png",false,0,"3.1",137,"0.00","0.00",0
"six-flags-midwest","af9809cf-64a7-4e92-8376-6d30e86ca00e","Six Flags (Midwest)","https://s3.amazonaws.com/raise-content/ibi/SixFlags-Logo.png",false,0,"3.2",100,"0.00","0.00",0
"skechers","37e08cd5-fe39-4c12-acb1-0c0334b535f9","Skechers®","https://raise-content.s3.amazonaws.com/MP-OPs/Skechers/Skechers-Logo.png",true,0,"3.0",215,"0.00","0.00",0
"smashburger","717a1162-7ff3-488a-992c-00d1ad5360d8","Smashburger","https://s3.amazonaws.com/raise-content/ibi/Smashburger-Logo.png",false,0,"3.1",228,"0.00","0.00",0
"sonic","e87429db-79ca-4d86-bb57-47c62fcdd950","SONIC®","https://raise-content.s3.amazonaws.com/MP-OPs/Sonic/Sonic-Logo.png",false,0,"3.0",190,"0.00","0.00",0
"southwest-airlines","03c6adc3-8e6f-49ef-9a5a-aabb0b050fc2","Southwest Airlines","https://raise-content.s3.amazonaws.com/MP-OPs/SouthwestAirlines-Logo.png",true,334,"4.8",1430,"3.50","5.45",21
"spa-wellness-gift-card-by-spa-week","1d399c79-ea97-48b2-b364-d6f55335d9e1","Spa & Wellness Gift Card by Spa Week","https://raise-content.s3.amazonaws.com/MP-OPs/Spa%26Wellness+Spa+Week/Spa%26WellnessSpaWeek-Logo.png",true,87,"3.2",289,"10.00","9.00",0
"spa-wish","a5fbe294-fe82-4dfb-a84d-67c23470d618","Spa Wish","https://s3.amazonaws.com/assets.coupontrade.com/pay/static/media/brandPlaceholder.png",false,0,"3.8",148,"0.00","0.00",0
"spafinder-wellness-365-physical","3c56dd0b-2905-4876-a859-7cf236ee1261","Spafinder Wellness 365 (Physical)","https://raise-content.s3.amazonaws.com/MP-OPs/Spafinder/Spafinder-Logo.png",false,0,"3.8",288,"0.00","0.00",0
"spencer-s","38e9fcec-8c7a-4d36-829b-e9bdbc6288af","Spencer's","https://s3.amazonaws.com/raise-content/ibi/Spencers-Logo.png",true,12,"3.1",137,"0.00","16.10",0
"sports-authority","cc852e63-0b2d-4b0f-93a1-07ea336f498d","Sports Authority","https://s3.amazonaws.com/assets.coupontrade.com/pay/static/media/brandPlaceholder.png",false,0,"3.6",177,"0.00","0.00",0
"sports-authority-in-store-only","cc852e63-0b2d-4b0f-93a1-07ea336f498d","Sports Authority (In Store Only)","https://s3.amazonaws.com/assets.coupontrade.com/pay/static/media/brandPlaceholder.png",false,0,"3.7",119,"0.00","0.00",0
"sprouts-farmers-market","d1dc94f6-e630-4c42-a254-0551a9e9fe37","Sprouts Farmers Market","https://s3.amazonaws.com/assets.coupontrade.com/pay/static/media/brandPlaceholder.png",false,0,"2.9",137,"0.00","0.00",0
"staples","b60a3c66-91d4-45cf-8894-e7a7bea2d090","Staples®","https://raise-content.s3.amazonaws.com/MP-OPs/Staples/Staples-Logo.png",true,233,"3.4",525,"2.70","3.77",19
"starbucks","830c8501-5f99-4969-8b8e-f804cc1cae43","Starbucks","https://raise-content.s3.amazonaws.com/MP-OPs/Starbucks/Starbucks-Logo2.png",true,7076,"3.7",7044,"0.00","3.80",160
"steak-n-shake","be1e449b-8307-40ce-8522-2c3543ee427f","Steak 'n Shake","https://raise-content.s3.amazonaws.com/MP-OPs/SteakandShake-Logo.png",true,193,"3.7",175,"9.00","11.48",2
"stein-mart","7ae0c83a-8f26-4fee-9187-351ed711e626","Stein Mart","https://raise-content.s3.amazonaws.com/ibi/steinmart-Logo.png",false,0,"3.8",132,"0.00","0.00",0
"steiner-sports-memorabilia","64adae1b-7424-44a6-91d5-010a91df31c1","Steiner Sports Memorabilia","https://raise-content.s3.amazonaws.com/MP-OPs/00_Raise/Steiner+Sports/RAISE_SteinerSports-Logo.png",false,0,"2.0",119,"0.00","0.00",0
"stop-shop-grocery","5456823d-8e7a-455d-aafa-9f04be8b56d6","Stop & Shop Grocery","https://s3.amazonaws.com/raise-content/ibi/StopAndShop-Logo.png",false,0,"2.9",118,"0.00","0.00",0
"stubhub","b2e5fab2-b946-4b23-9edb-45893c225fe8","StubHub","https://raise-content.s3.amazonaws.com/MP-OPs/00_Raise/StubHub/RAISE_Stubhub-Logo.png",true,591,"3.1",194,"2.00","4.68",2
"subway","4fd0eff8-8ad6-4d82-90e1-f01e3bbc547b","Subway","https://raise-content.s3.amazonaws.com/MP-OPs/00_Raise/Subway-Logo.png",true,18,"3.9",809,"0.00","5.50",3
"sunglass-hut","f68aa7be-923a-4645-80fd-66329b499f30","Sunglass Hut","https://raise-content.s3.amazonaws.com/MP-OPs/00_Raise/Sunglass+Hut/RAISE_SunglassHut-Logo.png",true,2,"3.0",923,"0.00","6.02",1
"t-j-maxx","5dbf1bbb-2419-44d9-9f4e-874978dd8b42","T.J. Maxx","https://raise-content.s3.amazonaws.com/MP-OPs/TJ+Maxx/TJMaxx-Logo.png",true,822,"3.5",2431,"3.00","5.74",22
"t-j-maxx-in-store-only","5dbf1bbb-2419-44d9-9f4e-874978dd8b42","T.J. Maxx (In Store Only)","https://raise-content.s3.amazonaws.com/MP-OPs/TJ+Maxx/TJMaxx-Logo.png",false,0,"3.5",129,"0.00","0.00",0
"t-j-maxx-online-only","5dbf1bbb-2419-44d9-9f4e-874978dd8b42","T.J. Maxx (Online Only)","https://raise-content.s3.amazonaws.com/MP-OPs/TJ+Maxx/TJMaxx-Logo.png",false,0,"3.1",1589,"0.00","0.00",0
"taco-bell","0ab69fe2-d97e-4910-8886-c07137a6be4d","Taco Bell®","https://raise-content.s3.amazonaws.com/MP-OPs/Taco+Bell/TacoBell-Logo.png",false,0,"3.1",395,"0.00","0.00",0
"talbots","57212761-28ba-4e81-bb9c-645c7cfc4d1f","Talbots","https://s3.amazonaws.com/assets.coupontrade.com/pay/static/media/brandPlaceholder.png",false,0,"3.5",180,"0.00","0.00",0
"target","4e53edca-a550-402e-a619-670724f5f67c","Target","https://raise-content.s3.amazonaws.com/MP-OPs/Target/Target-Logo.png",true,69,"3.7",3937,"0.00","0.56",61
"ted-s-montana-grill","7d21c5e4-1cbf-46ad-80d6-3fae8b171460","Ted's Montana Grill","https://s3.amazonaws.com/raise-content/ibi/TedsMontanaGrill-logo.png",false,0,"5.0",215,"0.00","0.00",0
"texas-roadhouse","96eceb9f-1cc4-4305-b8c7-dafa1eb2b2bf","Texas Roadhouse","https://raise-content.s3.amazonaws.com/MP-OPs/Texas+Roadhouse/TexasRoadhouse-Logo.png",true,1716,"3.1",591,"6.00","8.00",50
"tgi-fridays","7c3521e5-bda6-4216-a72a-bbb8d910866f","TGI Fridays","https://raise-content.s3.amazonaws.com/MP-OPs/TGIFridays/TGIF-Logo.png",true,3,"3.8",222,"0.00","0.00",0
"tgi-fridays-voucher","7c3521e5-bda6-4216-a72a-bbb8d910866f","TGI Fridays® (Voucher)","https://raise-content.s3.amazonaws.com/MP-OPs/TGIFridays/TGIF-Logo.png",true,534,"3.8",221,"5.00","1.96",1
"the-capital-grille","19dbb43a-8f3c-4f58-97b1-b4335d90b9bb","The Capital Grille","https://s3.amazonaws.com/raise-content/ibi/TheCapitalGrille-Logo.png",true,25,"3.8",148,"0.00","2.00",0
"the-cheesecake-factory","c270bf61-a208-480a-a003-23b33fd3a81a","The Cheesecake Factory®","https://raise-content.s3.amazonaws.com/MP-OPs/TheCheesecakeFactory-Logo.png",true,644,"3.3",557,"2.00","7.19",13
"the-children-s-place","18cdcbe1-a8f7-48dd-bde0-4ec6bca540a2","The Children's Place","https://raise-content.s3.amazonaws.com/MP-OPs/00_Raise/The+Childrens+Place/RAISE_TheChildrensPlace-Logo.png",true,43,"3.2",214,"5.00","7.00",14
"the-coffee-bean-tea-leaf","8b188182-5353-4a07-9a05-af8db8a21b76","The Coffee Bean & Tea Leaf®","https://raise-content.s3.amazonaws.com/MP-OPs/00_Raise/The+Coffee+Bean+And+Tea+Leaf/RAISE_TheCoffeeBeanTeaLeaf-Logo.png",true,12,"3.1",221,"5.00","5.00",0
"the-container-store","e94bd2e9-e073-48b6-a08c-d9cc99d0b773","The Container Store","https://raise-content.s3.amazonaws.com/MP-OPs/The+Container+Store/TheContainerStore-Logo.png",true,13,"3.1",100,"4.00","0.46",0
"the-home-depot","d0f90f9d-acec-4374-bfad-4c02b8e3feef","The Home Depot®","https://raise-content.s3.amazonaws.com/MP-OPs/The+Home+Depot/HomeDepot-Logo.png",true,3713,"4.8",5644,"2.00","2.06",434
"the-home-depot-in-store-only","d0f90f9d-acec-4374-bfad-4c02b8e3feef","The Home Depot® (In Store Only)","https://raise-content.s3.amazonaws.com/MP-OPs/The+Home+Depot/HomeDepot-Logo.png",false,0,"3.6",693,"0.00","0.00",0
"the-north-face","d1e7de40-2118-453d-ad65-9d332833e782","The North Face","https://raise-content.s3.amazonaws.com/ibi/TheNorthFace2-Logo.png",true,3,"3.3",218,"0.00","6.30",0
"ticketmaster","8b3e47b6-6381-4346-af12-3160e4c80a17","Ticketmaster","https://s3.amazonaws.com/raise-content/ibi/Ticketmaster-logo.png",false,0,"3.8",109,"0.00","0.00",0
"tiffany-co","1f1180fa-4859-4224-815d-5144285050fb","Tiffany & Co.","https://s3.amazonaws.com/raise-content/ibi/Tiffany-Logo.png",true,1,"3.8",355,"0.00","1.69",3
"topgolf","35981377-2076-4b34-8c19-00656f8207e2","Topgolf","https://raise-content.s3.amazonaws.com/MP-OPs/Topgolf/TopGolf-Logo.png",true,886,"0.4",195,"7.00","17.60",9
"topshop","c18e9c9d-e4cc-4d8e-bd7c-5a769c6e915a","Topshop","https://s3.amazonaws.com/raise-content/ibi/Topshop-Logo.png",false,0,"4.5",105,"0.00","0.00",0
"torrid","9899d128-6853-4d7f-ac73-95d2ac1bb13c","Torrid","https://s3.amazonaws.com/raise-content/ibi/Torrid-Logo.png",true,1,"4.0",100,"1.00","3.00",2
"tory-burch","e9cf53fe-ffb3-4e80-bd71-c0c8c64331a0","Tory Burch","https://s3.amazonaws.com/raise-content/ibi/ToryBurch-logo.png",true,45,"3.3",134,"0.00","1.96",1
"total-wine-more","8f7e58a9-9c72-4d92-ad1f-f2920a43d5df","Total Wine & More","https://raise-content.s3.amazonaws.com/MP-OPs/Total+Wine/TotalWine-Logo.png",true,161,"3.0",100,"0.00","5.96",9
"toys-r-us","db27067c-7ace-427f-8045-6d9c89d4a07d","Toys""R""Us","https://s3.amazonaws.com/raise-content/ibi/Toys-R-Us-Logo.png",false,0,"3.7",648,"0.00","0.00",0
"tractor-supply-company","f0f83095-feb4-4af6-9e73-6524494204a1","Tractor Supply Company","https://s3.amazonaws.com/raise-content/ibi/TractorSupplyCompany-Logo.png",true,10,"3.6",165,"0.00","5.00",3
"trader-joe-s","0ea319b9-4db2-47fc-89fc-65d39b8ffbb8","Trader Joe's","https://s3.amazonaws.com/raise-content/ibi/TraderJoes-Logo.png",false,0,"3.3",376,"0.00","0.00",0
"ugg-australia","34573492-f839-442e-9aa3-7b51310e5d66","UGG Australia","https://s3.amazonaws.com/assets.coupontrade.com/pay/static/media/brandPlaceholder.png",true,1,"3.2",237,"0.00","8.87",2
"ulta","9b1aaa85-afdd-4fb1-9bbc-e19bc84ff8d8","ULTA","https://raise-content.s3.amazonaws.com/MP-OPs/ULTA-Logo.png",true,1722,"3.4",443,"5.25","7.00",50
"ulta-in-store-only","9b1aaa85-afdd-4fb1-9bbc-e19bc84ff8d8","ULTA (In Store Only)","https://raise-content.s3.amazonaws.com/MP-OPs/ULTA-Logo.png",false,0,"3.8",104,"0.00","0.00",0
"under-armour","ee4911bd-888c-4185-b5d0-eb0627cd48a1","Under Armour®","https://raise-content.s3.amazonaws.com/MP-OPs/01_Slide/Under+Armour/SLIDE_UnderArmour-Logo.png",true,1822,"4.8",167,"5.00","8.60",40
"uniqlo","6629d4d5-7d34-4488-9785-df0166058582","Uniqlo","https://s3.amazonaws.com/raise-content/ibi/Uniqlo-Logo.png",false,0,"3.1",676,"0.00","0.00",0
"universal-studios-orlando","d90c02b3-5e7f-4298-bafa-0593bc6a1f21","Universal Studios Orlando","https://s3.amazonaws.com/raise-content/ibi/UniversalStudiosOrlando-Logo.png",false,0,"3.1",117,"0.00","0.00",0
"urban-outfitters","d0b75d56-c5bc-41f4-a7bc-d83440457e3b","Urban Outfitters","https://s3.amazonaws.com/raise-content/ibi/UrbanOutfitters-Logo.png",true,1,"3.8",328,"0.00","5.00",0
"vans","12f67621-cb5a-4d88-acd2-44f7624e702e","Vans","https://s3.amazonaws.com/raise-content/ibi/Vans-logo.png",true,1,"3.7",105,"0.00","0.31",0
"verizon-prepaid-pre-paid-phone-plans-only","2b9f9a92-36ad-480a-a2f8-64a23a1b8641","Verizon Prepaid (Pre-Paid Phone Plans Only)","https://s3.amazonaws.com/raise-content/ibi/VerizonPrepaid-Logo.png",false,0,"3.2",105,"0.00","0.00",0
"victoria-s-secret","48f1efc0-7f69-4c53-9621-b1c3f92f3e2a","Victoria's Secret","https://raise-content.s3.amazonaws.com/MP-OPs/victoria-s-secret-icon.png",true,77,"3.6",1606,"6.00","7.00",11
"walgreens","64fe9080-62bd-4c58-b721-224c7e81495a","Walgreens","https://raise-content.s3.amazonaws.com/MP-OPs/00_Raise/Walgreens/RAISE_Walgreens-Logo.png",false,0,"4.3",159,"0.00","0.00",0
"walgreens-in-store-only","64fe9080-62bd-4c58-b721-224c7e81495a","Walgreens (In Store Only)","https://raise-content.s3.amazonaws.com/MP-OPs/00_Raise/Walgreens/RAISE_Walgreens-Logo.png",false,0,"3.0",562,"0.00","0.00",0
"walmart","1bfd8967-f3fb-4efa-939e-f969d1db4b8a","Walmart","https://raise-content.s3.amazonaws.com/MP-OPs/00_Raise/Walmart/RAISE_Walmart-Logo.png",true,278,"4.8",4793,"1.50","2.00",321
"wayfair","817c05a9-34f2-4ea2-9a02-7dcdeaeb1814","Wayfair","https://raise-content.s3.amazonaws.com/MP-OPs/00_Raise/Wayfair/RAISE_Wayfair-Logo.png",true,121,"3.6",100,"2.00","1.97",1
"west-elm","d31fef8d-0cb2-4902-8470-181b17694c44","West Elm","https://raise-content.s3.amazonaws.com/MP-OPs/00_Raise/WestElm-Logo.png",true,36,"3.4",153,"3.00","0.96",4
"white-house-black-market","8de97bcf-688a-47bc-a389-bd971b7f6646","White House Black Market","https://raise-content.s3.amazonaws.com/ibi/whitehouseblackmarket-Logo.png",true,71,"3.2",258,"6.00","4.50",0
"whole-foods-market-physical","434ee532-36b9-45e1-a4e4-3e6fea331245","Whole Foods Market® (Physical)","https://s3.amazonaws.com/raise-content/ibi/WholeFoods-logo.png",false,0,"3.6",1133,"0.00","0.00",0
"williams-sonoma","e59472ae-4548-4385-b8eb-1ee7cbc5734d","Williams Sonoma","https://raise-content.s3.amazonaws.com/MP-OPs/00_Raise/WilliamsSonoma-Logo.png",true,3,"2.5",789,"3.00","3.50",6
"winc","b6e5db0c-88b4-4c63-8570-c8c38db4df93","Winc","https://s3.amazonaws.com/raise-content/ibi/Winc-Logo.png",false,0,"2.2",118,"0.00","0.00",0
"wingstop","181e270e-a512-4e91-9ec8-19611e9c27d5","Wingstop","https://s3.amazonaws.com/raise-content/ibi/Wingstop-Logo.png",false,0,"3.0",159,"0.00","0.00",0
"yankee-candle","9cbf1ca5-7246-4e46-9780-77642081bb0b","Yankee Candle®","https://raise-content.s3.amazonaws.com/MP-OPs/00_Raise/Yankee+Candle/RAISE_YankeeCandle-Logo.png",true,821,"3.2",218,"10.00","14.08",7
"yard-house","94c481be-5f60-4132-bbc2-90878b99d467","Yard House®","https://raise-content.s3.amazonaws.com/MP-OPs/Yard+House/YardHouse-Logo.png",true,38,"4.8",128,"4.00","3.07",3
"yogurtland","13b9f392-3327-498b-aa77-56215a93663f","Yogurtland","https://s3.amazonaws.com/raise-content/ibi/Yogurtland-logo.png",false,0,"3.0",123,"0.00","0.00",0
"zappos","9877a526-571f-4ea0-a751-84ea6a0e739f","Zappos","https://raise-content.s3.amazonaws.com/MP-OPs/Zappos/Zappos-Logo.png",true,0,"3.6",442,"5.00","0.00",0
"zara","dbd57058-4ce2-4b09-b198-35b2f133fa3b","Zara","https://s3.amazonaws.com/raise-content/ibi/Zara-logo.png",true,2,"3.7",192,"0.00","6.46",1
"zumiez","aa55850b-16e2-49d2-86ba-865bb4560284","Zumiez","https://s3.amazonaws.com/raise-content/ibi/Zumiez-logo.png",false,0,"3.1",219,"0.00","0.00",0